– Berichtszeitpunkt,Zensusergebnis zum Stichtag 15.05.2022 (Format JJJJMMTT)
_RS,Amtlicher Regionalschlüssel (ARS)
Name,Name der regionalen Einheit
Regionalebene,Kategorie der regionalen Einheit
SCHUELER_KLSS_STP,"Personen in schulischer Ausbildung nach Klassenstufe ""Insgesamt"" insgesamt (Anzahl)"
SCHUELER_KLSS_STP__M,"Personen in schulischer Ausbildung nach Klassenstufe ""Insgesamt"" männlich (Anzahl)"
SCHUELER_KLSS_STP__W,"Personen in schulischer Ausbildung nach Klassenstufe ""Insgesamt"" weiblich (Anzahl)"
SCHUELER_KLSS_STP__1,"Personen in schulischer Ausbildung nach Klassenstufe ""Klasse 1 bis 4"" insgesamt (Anzahl)"
SCHUELER_KLSS_STP__1_M,"Personen in schulischer Ausbildung nach Klassenstufe ""Klasse 1 bis 4"" männlich (Anzahl)"
SCHUELER_KLSS_STP__1_W,"Personen in schulischer Ausbildung nach Klassenstufe ""Klasse 1 bis 4"" weiblich (Anzahl)"
SCHUELER_KLSS_STP__2,"Personen in schulischer Ausbildung nach Klassenstufe ""Klasse 5 bis 9 bzw. 10"" insgesamt (Anzahl)"
SCHUELER_KLSS_STP__2_M,"Personen in schulischer Ausbildung nach Klassenstufe ""Klasse 5 bis 9 bzw. 10"" männlich (Anzahl)"
SCHUELER_KLSS_STP__2_W,"Personen in schulischer Ausbildung nach Klassenstufe ""Klasse 5 bis 9 bzw. 10"" weiblich (Anzahl)"
SCHUELER_KLSS_STP__3,"Personen in schulischer Ausbildung nach Klassenstufe ""Gymnasiale Oberstufe (ab 10./11.Klasse)"" insgesamt (Anzahl)"
SCHUELER_KLSS_STP__3_M,"Personen in schulischer Ausbildung nach Klassenstufe ""Gymnasiale Oberstufe (ab 10./11.Klasse)"" männlich (Anzahl)"
SCHUELER_KLSS_STP__3_W,"Personen in schulischer Ausbildung nach Klassenstufe ""Gymnasiale Oberstufe (ab 10./11.Klasse)"" weiblich (Anzahl)"
SCHUELER_SCH_STP,"Personen in schulischer Ausbildung nach Schulform ""Insgesamt"" insgesamt (Anzahl)"
SCHUELER_SCH_STP__M,"Personen in schulischer Ausbildung nach Schulform ""Insgesamt"" männlich (Anzahl)"
SCHUELER_SCH_STP__W,"Personen in schulischer Ausbildung nach Schulform ""Insgesamt"" weiblich (Anzahl)"
SCHUELER_SCH_STP__1,"Personen in schulischer Ausbildung nach Schulform ""Grundschule"" insgesamt (Anzahl)"
SCHUELER_SCH_STP__1_M,"Personen in schulischer Ausbildung nach Schulform ""Grundschule"" männlich (Anzahl)"
SCHUELER_SCH_STP__1_W,"Personen in schulischer Ausbildung nach Schulform ""Grundschule"" weiblich (Anzahl)"
SCHUELER_SCH_STP__2,"Personen in schulischer Ausbildung nach Schulform ""Förderschule"" insgesamt (Anzahl)"
SCHUELER_SCH_STP__2_M,"Personen in schulischer Ausbildung nach Schulform ""Förderschule"" männlich (Anzahl)"
SCHUELER_SCH_STP__2_W,"Personen in schulischer Ausbildung nach Schulform ""Förderschule"" weiblich (Anzahl)"
SCHUELER_SCH_STP__3,"Personen in schulischer Ausbildung nach Schulform ""Schule mit mehreren Bildungsgängen"" insgesamt (Anzahl)"
SCHUELER_SCH_STP__3_M,"Personen in schulischer Ausbildung nach Schulform ""Schule mit mehreren Bildungsgängen"" männlich (Anzahl)"
SCHUELER_SCH_STP__3_W,"Personen in schulischer Ausbildung nach Schulform ""Schule mit mehreren Bildungsgängen"" weiblich (Anzahl)"
SCHUELER_SCH_STP__4,"Personen in schulischer Ausbildung nach Schulform ""Hauptschule"" insgesamt (Anzahl)"
SCHUELER_SCH_STP__4_M,"Personen in schulischer Ausbildung nach Schulform ""Hauptschule"" männlich (Anzahl)"
SCHUELER_SCH_STP__4_W,"Personen in schulischer Ausbildung nach Schulform ""Hauptschule"" weiblich (Anzahl)"
SCHUELER_SCH_STP__5,"Personen in schulischer Ausbildung nach Schulform ""Realschule"" insgesamt (Anzahl)"
SCHUELER_SCH_STP__5_M,"Personen in schulischer Ausbildung nach Schulform ""Realschule"" männlich (Anzahl)"
SCHUELER_SCH_STP__5_W,"Personen in schulischer Ausbildung nach Schulform ""Realschule"" weiblich (Anzahl)"
SCHUELER_SCH_STP__6,"Personen in schulischer Ausbildung nach Schulform ""Gesamtschule, Waldorfschule"" insgesamt (Anzahl)"
SCHUELER_SCH_STP__6_M,"Personen in schulischer Ausbildung nach Schulform ""Gesamtschule, Waldorfschule"" männlich (Anzahl)"
SCHUELER_SCH_STP__6_W,"Personen in schulischer Ausbildung nach Schulform ""Gesamtschule, Waldorfschule"" weiblich (Anzahl)"
SCHUELER_SCH_STP__7,"Personen in schulischer Ausbildung nach Schulform ""Gymnasium, Kolleg"" insgesamt (Anzahl)"
SCHUELER_SCH_STP__7_M,"Personen in schulischer Ausbildung nach Schulform ""Gymnasium, Kolleg"" männlich (Anzahl)"
SCHUELER_SCH_STP__7_W,"Personen in schulischer Ausbildung nach Schulform ""Gymnasium, Kolleg"" weiblich (Anzahl)"
SCHULABS_STP,"Personen ab 15 Jahren nach höchstem Schulabschluss ""Insgesamt"" insgesamt (Anzahl)"
SCHULABS_STP__M,"Personen ab 15 Jahren nach höchstem Schulabschluss ""Insgesamt"" männlich (Anzahl)"
SCHULABS_STP__W,"Personen ab 15 Jahren nach höchstem Schulabschluss ""Insgesamt"" weiblich (Anzahl)"
SCHULABS_STP__1,"Personen ab 15 Jahren nach höchstem Schulabschluss ""Noch in schulischer Ausbildung"" insgesamt (Anzahl)"
SCHULABS_STP__1_M,"Personen ab 15 Jahren nach höchstem Schulabschluss ""Noch in schulischer Ausbildung"" männlich (Anzahl)"
SCHULABS_STP__1_W,"Personen ab 15 Jahren nach höchstem Schulabschluss ""Noch in schulischer Ausbildung"" weiblich (Anzahl)"
SCHULABS_STP__2,"Personen ab 15 Jahren nach höchstem Schulabschluss ""Mit allgemeinbildendem Schulabschluss"" insgesamt (Anzahl)"
SCHULABS_STP__2_M,"Personen ab 15 Jahren nach höchstem Schulabschluss ""Mit allgemeinbildendem Schulabschluss"" männlich (Anzahl)"
SCHULABS_STP__2_W,"Personen ab 15 Jahren nach höchstem Schulabschluss ""Mit allgemeinbildendem Schulabschluss"" weiblich (Anzahl)"
SCHULABS_STP__21,"Personen ab 15 Jahren nach höchstem Schulabschluss ""Haupt-/Volksschulabschluss"" insgesamt (Anzahl)"
SCHULABS_STP__21_M,"Personen ab 15 Jahren nach höchstem Schulabschluss ""Haupt-/Volksschulabschluss"" männlich (Anzahl)"
SCHULABS_STP__21_W,"Personen ab 15 Jahren nach höchstem Schulabschluss ""Haupt-/Volksschulabschluss"" weiblich (Anzahl)"
SCHULABS_STP__22,"Personen ab 15 Jahren nach höchstem Schulabschluss ""Abschluss der Polytechnischen Oberschule"" insgesamt (Anzahl)"
SCHULABS_STP__22_M,"Personen ab 15 Jahren nach höchstem Schulabschluss ""Abschluss der Polytechnischen Oberschule"" männlich (Anzahl)"
SCHULABS_STP__22_W,"Personen ab 15 Jahren nach höchstem Schulabschluss ""Abschluss der Polytechnischen Oberschule"" weiblich (Anzahl)"
SCHULABS_STP__23,"Personen ab 15 Jahren nach höchstem Schulabschluss ""Realschulabschluss, Mittlere Reife oder gleichwertiger Abschluss"" insgesamt (Anzahl)"
SCHULABS_STP__23_M,"Personen ab 15 Jahren nach höchstem Schulabschluss ""Realschulabschluss, Mittlere Reife oder gleichwertiger Abschluss"" männlich (Anzahl)"
SCHULABS_STP__23_W,"Personen ab 15 Jahren nach höchstem Schulabschluss ""Realschulabschluss, Mittlere Reife oder gleichwertiger Abschluss"" weiblich (Anzahl)"
SCHULABS_STP__24,"Personen ab 15 Jahren nach höchstem Schulabschluss ""Fachhochschul- oder Hochschulreife (Abitur)"" insgesamt (Anzahl)"
SCHULABS_STP__24_M,"Personen ab 15 Jahren nach höchstem Schulabschluss ""Fachhochschul- oder Hochschulreife (Abitur)"" männlich (Anzahl)"
SCHULABS_STP__24_W,"Personen ab 15 Jahren nach höchstem Schulabschluss ""Fachhochschul- oder Hochschulreife (Abitur)"" weiblich (Anzahl)"
SCHULABS_STP__3,"Personen ab 15 Jahren nach höchstem Schulabschluss ""Ohne allgemeinbildenden Schulabschluss"" insgesamt (Anzahl)"
SCHULABS_STP__3_M,"Personen ab 15 Jahren nach höchstem Schulabschluss ""Ohne allgemeinbildenden Schulabschluss"" männlich (Anzahl)"
SCHULABS_STP__3_W,"Personen ab 15 Jahren nach höchstem Schulabschluss ""Ohne allgemeinbildenden Schulabschluss"" weiblich (Anzahl)"
BERUFABS_AUSF_STP,"Personen ab 15 Jahren nach höchstem beruflichen Abschluss (ausführlich) ""Insgesamt"" insgesamt (Anzahl)"
BERUFABS_AUSF_STP__M,"Personen ab 15 Jahren nach höchstem beruflichen Abschluss (ausführlich) ""Insgesamt"" männlich (Anzahl)"
BERUFABS_AUSF_STP__W,"Personen ab 15 Jahren nach höchstem beruflichen Abschluss (ausführlich) ""Insgesamt"" weiblich (Anzahl)"
BERUFABS_AUSF_STP__1,"Personen ab 15 Jahren nach höchstem beruflichen Abschluss (ausführlich) ""Mit beruflichem Bildungsabschluss"" insgesamt (Anzahl)"
BERUFABS_AUSF_STP__1_M,"Personen ab 15 Jahren nach höchstem beruflichen Abschluss (ausführlich) ""Mit beruflichem Bildungsabschluss"" männlich (Anzahl)"
BERUFABS_AUSF_STP__1_W,"Personen ab 15 Jahren nach höchstem beruflichen Abschluss (ausführlich) ""Mit beruflichem Bildungsabschluss"" weiblich (Anzahl)"
BERUFABS_AUSF_STP__11,"Personen ab 15 Jahren nach höchstem beruflichen Abschluss (ausführlich) ""Lehre, Berufsausbildung im dualen System"" insgesamt (Anzahl)"
BERUFABS_AUSF_STP__11_M,"Personen ab 15 Jahren nach höchstem beruflichen Abschluss (ausführlich) ""Lehre, Berufsausbildung im dualen System"" männlich (Anzahl)"
BERUFABS_AUSF_STP__11_W,"Personen ab 15 Jahren nach höchstem beruflichen Abschluss (ausführlich) ""Lehre, Berufsausbildung im dualen System"" weiblich (Anzahl)"
BERUFABS_AUSF_STP__12,"Personen ab 15 Jahren nach höchstem beruflichen Abschluss (ausführlich) ""Fachschulabschluss"" insgesamt (Anzahl)"
BERUFABS_AUSF_STP__12_M,"Personen ab 15 Jahren nach höchstem beruflichen Abschluss (ausführlich) ""Fachschulabschluss"" männlich (Anzahl)"
BERUFABS_AUSF_STP__12_W,"Personen ab 15 Jahren nach höchstem beruflichen Abschluss (ausführlich) ""Fachschulabschluss"" weiblich (Anzahl)"
BERUFABS_AUSF_STP__13,"Personen ab 15 Jahren nach höchstem beruflichen Abschluss (ausführlich) ""Fachschulabschluss in der ehem. DDR"" insgesamt (Anzahl)"
BERUFABS_AUSF_STP__13_M,"Personen ab 15 Jahren nach höchstem beruflichen Abschluss (ausführlich) ""Fachschulabschluss in der ehem. DDR"" männlich (Anzahl)"
BERUFABS_AUSF_STP__13_W,"Personen ab 15 Jahren nach höchstem beruflichen Abschluss (ausführlich) ""Fachschulabschluss in der ehem. DDR"" weiblich (Anzahl)"
BERUFABS_AUSF_STP__14,"Personen ab 15 Jahren nach höchstem beruflichen Abschluss (ausführlich) ""Bachelor"" insgesamt (Anzahl)"
BERUFABS_AUSF_STP__14_M,"Personen ab 15 Jahren nach höchstem beruflichen Abschluss (ausführlich) ""Bachelor"" männlich (Anzahl)"
BERUFABS_AUSF_STP__14_W,"Personen ab 15 Jahren nach höchstem beruflichen Abschluss (ausführlich) ""Bachelor"" weiblich (Anzahl)"
BERUFABS_AUSF_STP__15,"Personen ab 15 Jahren nach höchstem beruflichen Abschluss (ausführlich) ""Master"" insgesamt (Anzahl)"
BERUFABS_AUSF_STP__15_M,"Personen ab 15 Jahren nach höchstem beruflichen Abschluss (ausführlich) ""Master"" männlich (Anzahl)"
BERUFABS_AUSF_STP__15_W,"Personen ab 15 Jahren nach höchstem beruflichen Abschluss (ausführlich) ""Master"" weiblich (Anzahl)"
BERUFABS_AUSF_STP__16,"Personen ab 15 Jahren nach höchstem beruflichen Abschluss (ausführlich) ""Diplom"" insgesamt (Anzahl)"
BERUFABS_AUSF_STP__16_M,"Personen ab 15 Jahren nach höchstem beruflichen Abschluss (ausführlich) ""Diplom"" männlich (Anzahl)"
BERUFABS_AUSF_STP__16_W,"Personen ab 15 Jahren nach höchstem beruflichen Abschluss (ausführlich) ""Diplom"" weiblich (Anzahl)"
BERUFABS_AUSF_STP__17,"Personen ab 15 Jahren nach höchstem beruflichen Abschluss (ausführlich) ""Promotion"" insgesamt (Anzahl)"
BERUFABS_AUSF_STP__17_M,"Personen ab 15 Jahren nach höchstem beruflichen Abschluss (ausführlich) ""Promotion"" männlich (Anzahl)"
BERUFABS_AUSF_STP__17_W,"Personen ab 15 Jahren nach höchstem beruflichen Abschluss (ausführlich) ""Promotion"" weiblich (Anzahl)"
BERUFABS_AUSF_STP__2,"Personen ab 15 Jahren nach höchstem beruflichen Abschluss (ausführlich) ""Ohne berufl. Bildungsabschluss"" insgesamt (Anzahl)"
BERUFABS_AUSF_STP__2_M,"Personen ab 15 Jahren nach höchstem beruflichen Abschluss (ausführlich) ""Ohne berufl. Bildungsabschluss"" männlich (Anzahl)"
BERUFABS_AUSF_STP__2_W,"Personen ab 15 Jahren nach höchstem beruflichen Abschluss (ausführlich) ""Ohne berufl. Bildungsabschluss"" weiblich (Anzahl)"
ERWERBSTAT_KURZ_STP,"Personen nach Erwerbsstatus ""Insgesamt"" insgesamt (Anzahl)"
ERWERBSTAT_KURZ_STP__M,"Personen nach Erwerbsstatus ""Insgesamt"" männlich (Anzahl)"
ERWERBSTAT_KURZ_STP__W,"Personen nach Erwerbsstatus ""Insgesamt"" weiblich (Anzahl)"
ERWERBSTAT_KURZ_STP__1,"Personen nach Erwerbsstatus ""Erwerbspersonen"" insgesamt (Anzahl)"
ERWERBSTAT_KURZ_STP__1_M,"Personen nach Erwerbsstatus ""Erwerbspersonen"" männlich (Anzahl)"
ERWERBSTAT_KURZ_STP__1_W,"Personen nach Erwerbsstatus ""Erwerbspersonen"" weiblich (Anzahl)"
ERWERBSTAT_KURZ_STP__11,"Personen nach Erwerbsstatus ""Erwerbstätige"" insgesamt (Anzahl)"
ERWERBSTAT_KURZ_STP__11_M,"Personen nach Erwerbsstatus ""Erwerbstätige"" männlich (Anzahl)"
ERWERBSTAT_KURZ_STP__11_W,"Personen nach Erwerbsstatus ""Erwerbstätige"" weiblich (Anzahl)"
ERWERBSTAT_KURZ_STP__12,"Personen nach Erwerbsstatus ""Erwerbslose"" insgesamt (Anzahl)"
ERWERBSTAT_KURZ_STP__12_M,"Personen nach Erwerbsstatus ""Erwerbslose"" männlich (Anzahl)"
ERWERBSTAT_KURZ_STP__12_W,"Personen nach Erwerbsstatus ""Erwerbslose"" weiblich (Anzahl)"
ERWERBSTAT_KURZ_STP__2,"Personen nach Erwerbsstatus ""Nichterwerbspersonen"" insgesamt (Anzahl)"
ERWERBSTAT_KURZ_STP__2_M,"Personen nach Erwerbsstatus ""Nichterwerbspersonen"" männlich (Anzahl)"
ERWERBSTAT_KURZ_STP__2_W,"Personen nach Erwerbsstatus ""Nichterwerbspersonen"" weiblich (Anzahl)"
ET_ALTER_ERW,"Erwerbstätige Personen nach Altersklassen ""Insgesamt"" insgesamt (Anzahl)"
ET_ALTER_ERW__M,"Erwerbstätige Personen nach Altersklassen ""Insgesamt"" männlich (Anzahl)"
ET_ALTER_ERW__W,"Erwerbstätige Personen nach Altersklassen ""Insgesamt"" weiblich (Anzahl)"
ET_ALTER_ERW__1,"Erwerbstätige Personen nach Altersklassen ""15-19 Jahre"" insgesamt (Anzahl)"
ET_ALTER_ERW__1_M,"Erwerbstätige Personen nach Altersklassen ""15-19 Jahre"" männlich (Anzahl)"
ET_ALTER_ERW__1_W,"Erwerbstätige Personen nach Altersklassen ""15-19 Jahre"" weiblich (Anzahl)"
ET_ALTER_ERW__2,"Erwerbstätige Personen nach Altersklassen ""20-29 Jahre"" insgesamt (Anzahl)"
ET_ALTER_ERW__2_M,"Erwerbstätige Personen nach Altersklassen ""20-29 Jahre"" männlich (Anzahl)"
ET_ALTER_ERW__2_W,"Erwerbstätige Personen nach Altersklassen ""20-29 Jahre"" weiblich (Anzahl)"
ET_ALTER_ERW__3,"Erwerbstätige Personen nach Altersklassen ""30-39 Jahre"" insgesamt (Anzahl)"
ET_ALTER_ERW__3_M,"Erwerbstätige Personen nach Altersklassen ""30-39 Jahre"" männlich (Anzahl)"
ET_ALTER_ERW__3_W,"Erwerbstätige Personen nach Altersklassen ""30-39 Jahre"" weiblich (Anzahl)"
ET_ALTER_ERW__4,"Erwerbstätige Personen nach Altersklassen ""40-49 Jahre"" insgesamt (Anzahl)"
ET_ALTER_ERW__4_M,"Erwerbstätige Personen nach Altersklassen ""40-49 Jahre"" männlich (Anzahl)"
ET_ALTER_ERW__4_W,"Erwerbstätige Personen nach Altersklassen ""40-49 Jahre"" weiblich (Anzahl)"
ET_ALTER_ERW__5,"Erwerbstätige Personen nach Altersklassen ""50-59 Jahre"" insgesamt (Anzahl)"
ET_ALTER_ERW__5_M,"Erwerbstätige Personen nach Altersklassen ""50-59 Jahre"" männlich (Anzahl)"
ET_ALTER_ERW__5_W,"Erwerbstätige Personen nach Altersklassen ""50-59 Jahre"" weiblich (Anzahl)"
ET_ALTER_ERW__6,"Erwerbstätige Personen nach Altersklassen ""60-67 Jahre"" insgesamt (Anzahl)"
ET_ALTER_ERW__6_M,"Erwerbstätige Personen nach Altersklassen ""60-67 Jahre"" männlich (Anzahl)"
ET_ALTER_ERW__6_W,"Erwerbstätige Personen nach Altersklassen ""60-67 Jahre"" weiblich (Anzahl)"
ET_ALTER_ERW__7,"Erwerbstätige Personen nach Altersklassen ""68 Jahre und älter"" insgesamt (Anzahl)"
ET_ALTER_ERW__7_M,"Erwerbstätige Personen nach Altersklassen ""68 Jahre und älter"" männlich (Anzahl)"
ET_ALTER_ERW__7_W,"Erwerbstätige Personen nach Altersklassen ""68 Jahre und älter"" weiblich (Anzahl)"
ET_BERUFABS_KURZ_STP,"Erwerbstätige Personen nach höchstem beruflichen Abschluss ""Insgesamt"" insgesamt (Anzahl)"
ET_BERUFABS_KURZ_STP__M,"Erwerbstätige Personen nach höchstem beruflichen Abschluss ""Insgesamt"" männlich (Anzahl)"
ET_BERUFABS_KURZ_STP__W,"Erwerbstätige Personen nach höchstem beruflichen Abschluss ""Insgesamt"" weiblich (Anzahl)"
ET_BERUFABS_KURZ_STP__1,"Erwerbstätige Personen nach höchstem beruflichen Abschluss ""Mit beruflichem Bildungsabschluss"" insgesamt (Anzahl)"
ET_BERUFABS_KURZ_STP__1_M,"Erwerbstätige Personen nach höchstem beruflichen Abschluss ""Mit beruflichem Bildungsabschluss"" männlich (Anzahl)"
ET_BERUFABS_KURZ_STP__1_W,"Erwerbstätige Personen nach höchstem beruflichen Abschluss ""Mit beruflichem Bildungsabschluss"" weiblich (Anzahl)"
ET_BERUFABS_KURZ_STP__11,"Erwerbstätige Personen nach höchstem beruflichen Abschluss ""Lehre, Berufsausbildung im dualen System"" insgesamt (Anzahl)"
ET_BERUFABS_KURZ_STP__11_M,"Erwerbstätige Personen nach höchstem beruflichen Abschluss ""Lehre, Berufsausbildung im dualen System"" männlich (Anzahl)"
ET_BERUFABS_KURZ_STP__11_W,"Erwerbstätige Personen nach höchstem beruflichen Abschluss ""Lehre, Berufsausbildung im dualen System"" weiblich (Anzahl)"
ET_BERUFABS_KURZ_STP__12,"Erwerbstätige Personen nach höchstem beruflichen Abschluss ""Fachschulabschluss"" insgesamt (Anzahl)"
ET_BERUFABS_KURZ_STP__12_M,"Erwerbstätige Personen nach höchstem beruflichen Abschluss ""Fachschulabschluss"" männlich (Anzahl)"
ET_BERUFABS_KURZ_STP__12_W,"Erwerbstätige Personen nach höchstem beruflichen Abschluss ""Fachschulabschluss"" weiblich (Anzahl)"
ET_BERUFABS_KURZ_STP__13,"Erwerbstätige Personen nach höchstem beruflichen Abschluss ""Bachelor, Master, Diplom, Promotion"" insgesamt (Anzahl)"
ET_BERUFABS_KURZ_STP__13_M,"Erwerbstätige Personen nach höchstem beruflichen Abschluss ""Bachelor, Master, Diplom, Promotion"" männlich (Anzahl)"
ET_BERUFABS_KURZ_STP__13_W,"Erwerbstätige Personen nach höchstem beruflichen Abschluss ""Bachelor, Master, Diplom, Promotion"" weiblich (Anzahl)"
ET_BERUFABS_KURZ_STP__2,"Erwerbstätige Personen nach höchstem beruflichen Abschluss ""Ohne beruflichen Bildungsabschluss"" insgesamt (Anzahl)"
ET_BERUFABS_KURZ_STP__2_M,"Erwerbstätige Personen nach höchstem beruflichen Abschluss ""Ohne beruflichen Bildungsabschluss"" männlich (Anzahl)"
ET_BERUFABS_KURZ_STP__2_W,"Erwerbstätige Personen nach höchstem beruflichen Abschluss ""Ohne beruflichen Bildungsabschluss"" weiblich (Anzahl)"
ET_STELLGBERF_STP,"Erwerbstätige Personen nach Stellung im Beruf ""Insgesamt"" insgesamt (Anzahl)"
ET_STELLGBERF_STP__M,"Erwerbstätige Personen nach Stellung im Beruf ""Insgesamt"" männlich (Anzahl)"
ET_STELLGBERF_STP__W,"Erwerbstätige Personen nach Stellung im Beruf ""Insgesamt"" weiblich (Anzahl)"
ET_STELLGBERF_STP__1,"Erwerbstätige Personen nach Stellung im Beruf ""Angestellte/Arbeiterinnen und Arbeiter"" insgesamt (Anzahl)"
ET_STELLGBERF_STP__1_M,"Erwerbstätige Personen nach Stellung im Beruf ""Angestellte/Arbeiterinnen und Arbeiter"" männlich (Anzahl)"
ET_STELLGBERF_STP__1_W,"Erwerbstätige Personen nach Stellung im Beruf ""Angestellte/Arbeiterinnen und Arbeiter"" weiblich (Anzahl)"
ET_STELLGBERF_STP__2,"Erwerbstätige Personen nach Stellung im Beruf ""Beamtinnen und Beamte"" insgesamt (Anzahl)"
ET_STELLGBERF_STP__2_M,"Erwerbstätige Personen nach Stellung im Beruf ""Beamtinnen und Beamte"" männlich (Anzahl)"
ET_STELLGBERF_STP__2_W,"Erwerbstätige Personen nach Stellung im Beruf ""Beamtinnen und Beamte"" weiblich (Anzahl)"
ET_STELLGBERF_STP__3,"Erwerbstätige Personen nach Stellung im Beruf ""Selbstständige mit Beschäftigten"" insgesamt (Anzahl)"
ET_STELLGBERF_STP__3_M,"Erwerbstätige Personen nach Stellung im Beruf ""Selbstständige mit Beschäftigten"" männlich (Anzahl)"
ET_STELLGBERF_STP__3_W,"Erwerbstätige Personen nach Stellung im Beruf ""Selbstständige mit Beschäftigten"" weiblich (Anzahl)"
ET_STELLGBERF_STP__4,"Erwerbstätige Personen nach Stellung im Beruf ""Selbstständige ohne Beschäftigte"" insgesamt (Anzahl)"
ET_STELLGBERF_STP__4_M,"Erwerbstätige Personen nach Stellung im Beruf ""Selbstständige ohne Beschäftigte"" männlich (Anzahl)"
ET_STELLGBERF_STP__4_W,"Erwerbstätige Personen nach Stellung im Beruf ""Selbstständige ohne Beschäftigte"" weiblich (Anzahl)"
ET_STELLGBERF_STP__5,"Erwerbstätige Personen nach Stellung im Beruf ""Mithelfende Familienangehörige"" insgesamt (Anzahl)"
ET_STELLGBERF_STP__5_M,"Erwerbstätige Personen nach Stellung im Beruf ""Mithelfende Familienangehörige"" männlich (Anzahl)"
ET_STELLGBERF_STP__5_W,"Erwerbstätige Personen nach Stellung im Beruf ""Mithelfende Familienangehörige"" weiblich (Anzahl)"
ET_BERUFSKLSS_HGISCO_STP,"Erwerbstätige Personen nach Beruf (Hauptgruppen ISCO-08) ""Insgesamt"" insgesamt (Anzahl)"
ET_BERUFSKLSS_HGISCO_STP__M,"Erwerbstätige Personen nach Beruf (Hauptgruppen ISCO-08) ""Insgesamt"" männlich (Anzahl)"
ET_BERUFSKLSS_HGISCO_STP__W,"Erwerbstätige Personen nach Beruf (Hauptgruppen ISCO-08) ""Insgesamt"" weiblich (Anzahl)"
ET_BERUFSKLSS_HGISCO_STP__1,"Erwerbstätige Personen nach Beruf (Hauptgruppen ISCO-08) ""Führungskräfte"" insgesamt (Anzahl)"
ET_BERUFSKLSS_HGISCO_STP__1_M,"Erwerbstätige Personen nach Beruf (Hauptgruppen ISCO-08) ""Führungskräfte"" männlich (Anzahl)"
ET_BERUFSKLSS_HGISCO_STP__1_W,"Erwerbstätige Personen nach Beruf (Hauptgruppen ISCO-08) ""Führungskräfte"" weiblich (Anzahl)"
ET_BERUFSKLSS_HGISCO_STP__2,"Erwerbstätige Personen nach Beruf (Hauptgruppen ISCO-08) ""Akademische Berufe"" insgesamt (Anzahl)"
ET_BERUFSKLSS_HGISCO_STP__2_M,"Erwerbstätige Personen nach Beruf (Hauptgruppen ISCO-08) ""Akademische Berufe"" männlich (Anzahl)"
ET_BERUFSKLSS_HGISCO_STP__2_W,"Erwerbstätige Personen nach Beruf (Hauptgruppen ISCO-08) ""Akademische Berufe"" weiblich (Anzahl)"
ET_BERUFSKLSS_HGISCO_STP__3,"Erwerbstätige Personen nach Beruf (Hauptgruppen ISCO-08) ""Techniker und gleichrangige nichttechnische Berufe"" insgesamt (Anzahl)"
ET_BERUFSKLSS_HGISCO_STP__3_M,"Erwerbstätige Personen nach Beruf (Hauptgruppen ISCO-08) ""Techniker und gleichrangige nichttechnische Berufe"" männlich (Anzahl)"
ET_BERUFSKLSS_HGISCO_STP__3_W,"Erwerbstätige Personen nach Beruf (Hauptgruppen ISCO-08) ""Techniker und gleichrangige nichttechnische Berufe"" weiblich (Anzahl)"
ET_BERUFSKLSS_HGISCO_STP__4,"Erwerbstätige Personen nach Beruf (Hauptgruppen ISCO-08) ""Bürokräfte und verwandte Berufe"" insgesamt (Anzahl)"
ET_BERUFSKLSS_HGISCO_STP__4_M,"Erwerbstätige Personen nach Beruf (Hauptgruppen ISCO-08) ""Bürokräfte und verwandte Berufe"" männlich (Anzahl)"
ET_BERUFSKLSS_HGISCO_STP__4_W,"Erwerbstätige Personen nach Beruf (Hauptgruppen ISCO-08) ""Bürokräfte und verwandte Berufe"" weiblich (Anzahl)"
ET_BERUFSKLSS_HGISCO_STP__5,"Erwerbstätige Personen nach Beruf (Hauptgruppen ISCO-08) ""Dienstleistungsberufe und Verkäufer/-innen"" insgesamt (Anzahl)"
ET_BERUFSKLSS_HGISCO_STP__5_M,"Erwerbstätige Personen nach Beruf (Hauptgruppen ISCO-08) ""Dienstleistungsberufe und Verkäufer/-innen"" männlich (Anzahl)"
ET_BERUFSKLSS_HGISCO_STP__5_W,"Erwerbstätige Personen nach Beruf (Hauptgruppen ISCO-08) ""Dienstleistungsberufe und Verkäufer/-innen"" weiblich (Anzahl)"
ET_BERUFSKLSS_HGISCO_STP__6,"Erwerbstätige Personen nach Beruf (Hauptgruppen ISCO-08) ""Fachkräfte in Land-/Forstwirtschaft und Fischerei"" insgesamt (Anzahl)"
ET_BERUFSKLSS_HGISCO_STP__6_M,"Erwerbstätige Personen nach Beruf (Hauptgruppen ISCO-08) ""Fachkräfte in Land-/Forstwirtschaft und Fischerei"" männlich (Anzahl)"
ET_BERUFSKLSS_HGISCO_STP__6_W,"Erwerbstätige Personen nach Beruf (Hauptgruppen ISCO-08) ""Fachkräfte in Land-/Forstwirtschaft und Fischerei"" weiblich (Anzahl)"
ET_BERUFSKLSS_HGISCO_STP__7,"Erwerbstätige Personen nach Beruf (Hauptgruppen ISCO-08) ""Handwerks- und verwandte Berufe"" insgesamt (Anzahl)"
ET_BERUFSKLSS_HGISCO_STP__7_M,"Erwerbstätige Personen nach Beruf (Hauptgruppen ISCO-08) ""Handwerks- und verwandte Berufe"" männlich (Anzahl)"
ET_BERUFSKLSS_HGISCO_STP__7_W,"Erwerbstätige Personen nach Beruf (Hauptgruppen ISCO-08) ""Handwerks- und verwandte Berufe"" weiblich (Anzahl)"
ET_BERUFSKLSS_HGISCO_STP__8,"Erwerbstätige Personen nach Beruf (Hauptgruppen ISCO-08) ""Bedienung von Anlagen/Maschinen und Montageberufe"" insgesamt (Anzahl)"
ET_BERUFSKLSS_HGISCO_STP__8_M,"Erwerbstätige Personen nach Beruf (Hauptgruppen ISCO-08) ""Bedienung von Anlagen/Maschinen und Montageberufe"" männlich (Anzahl)"
ET_BERUFSKLSS_HGISCO_STP__8_W,"Erwerbstätige Personen nach Beruf (Hauptgruppen ISCO-08) ""Bedienung von Anlagen/Maschinen und Montageberufe"" weiblich (Anzahl)"
ET_BERUFSKLSS_HGISCO_STP__9,"Erwerbstätige Personen nach Beruf (Hauptgruppen ISCO-08) ""Hilfsarbeitskräfte"" insgesamt (Anzahl)"
ET_BERUFSKLSS_HGISCO_STP__9_M,"Erwerbstätige Personen nach Beruf (Hauptgruppen ISCO-08) ""Hilfsarbeitskräfte"" männlich (Anzahl)"
ET_BERUFSKLSS_HGISCO_STP__9_W,"Erwerbstätige Personen nach Beruf (Hauptgruppen ISCO-08) ""Hilfsarbeitskräfte"" weiblich (Anzahl)"
ET_BERUFSKLSS_HGISCO_STP__0,"Erwerbstätige Personen nach Beruf (Hauptgruppen ISCO-08) ""Angehörige der regulären Streitkräfte"" insgesamt (Anzahl)"
ET_BERUFSKLSS_HGISCO_STP__0_M,"Erwerbstätige Personen nach Beruf (Hauptgruppen ISCO-08) ""Angehörige der regulären Streitkräfte"" männlich (Anzahl)"
ET_BERUFSKLSS_HGISCO_STP__0_W,"Erwerbstätige Personen nach Beruf (Hauptgruppen ISCO-08) ""Angehörige der regulären Streitkräfte"" weiblich (Anzahl)"
ET_WIRTSZWG_STP,"Erwerbstätige Personen nach Wirtschaftszweig und Wirtschafts(unter)bereiche ""Insgesamt"" insgesamt (Anzahl)"
ET_WIRTSZWG_STP__M,"Erwerbstätige Personen nach Wirtschaftszweig und Wirtschafts(unter)bereiche ""Insgesamt"" männlich (Anzahl)"
ET_WIRTSZWG_STP__W,"Erwerbstätige Personen nach Wirtschaftszweig und Wirtschafts(unter)bereiche ""Insgesamt"" weiblich (Anzahl)"
ET_WIRTSZWG_STP__1,"Erwerbstätige Personen nach Wirtschaftszweig und Wirtschafts(unter)bereiche ""Land-/Forstwirtschaft, Fischerei"" insgesamt (Anzahl)"
ET_WIRTSZWG_STP__1_M,"Erwerbstätige Personen nach Wirtschaftszweig und Wirtschafts(unter)bereiche ""Land-/Forstwirtschaft, Fischerei"" männlich (Anzahl)"
ET_WIRTSZWG_STP__1_W,"Erwerbstätige Personen nach Wirtschaftszweig und Wirtschafts(unter)bereiche ""Land-/Forstwirtschaft, Fischerei"" weiblich (Anzahl)"
ET_WIRTSZWG_STP__2,"Erwerbstätige Personen nach Wirtschaftszweig und Wirtschafts(unter)bereiche ""Produzierendes Gewerbe"" insgesamt (Anzahl)"
ET_WIRTSZWG_STP__2_M,"Erwerbstätige Personen nach Wirtschaftszweig und Wirtschafts(unter)bereiche ""Produzierendes Gewerbe"" männlich (Anzahl)"
ET_WIRTSZWG_STP__2_W,"Erwerbstätige Personen nach Wirtschaftszweig und Wirtschafts(unter)bereiche ""Produzierendes Gewerbe"" weiblich (Anzahl)"
ET_WIRTSZWG_STP__21,"Erwerbstätige Personen nach Wirtschaftszweig und Wirtschafts(unter)bereiche ""Bergbau und Verarbeitendes Gewerbe"" insgesamt (Anzahl)"
ET_WIRTSZWG_STP__21_M,"Erwerbstätige Personen nach Wirtschaftszweig und Wirtschafts(unter)bereiche ""Bergbau und Verarbeitendes Gewerbe"" männlich (Anzahl)"
ET_WIRTSZWG_STP__21_W,"Erwerbstätige Personen nach Wirtschaftszweig und Wirtschafts(unter)bereiche ""Bergbau und Verarbeitendes Gewerbe"" weiblich (Anzahl)"
ET_WIRTSZWG_STP__22,"Erwerbstätige Personen nach Wirtschaftszweig und Wirtschafts(unter)bereiche ""Energie-/ Wasserversorgung, Abfallentsorgung"" insgesamt (Anzahl)"
ET_WIRTSZWG_STP__22_M,"Erwerbstätige Personen nach Wirtschaftszweig und Wirtschafts(unter)bereiche ""Energie-/ Wasserversorgung, Abfallentsorgung"" männlich (Anzahl)"
ET_WIRTSZWG_STP__22_W,"Erwerbstätige Personen nach Wirtschaftszweig und Wirtschafts(unter)bereiche ""Energie-/ Wasserversorgung, Abfallentsorgung"" weiblich (Anzahl)"
ET_WIRTSZWG_STP__23,"Erwerbstätige Personen nach Wirtschaftszweig und Wirtschafts(unter)bereiche ""Baugewerbe"" insgesamt (Anzahl)"
ET_WIRTSZWG_STP__23_M,"Erwerbstätige Personen nach Wirtschaftszweig und Wirtschafts(unter)bereiche ""Baugewerbe"" männlich (Anzahl)"
ET_WIRTSZWG_STP__23_W,"Erwerbstätige Personen nach Wirtschaftszweig und Wirtschafts(unter)bereiche ""Baugewerbe"" weiblich (Anzahl)"
ET_WIRTSZWG_STP__3,"Erwerbstätige Personen nach Wirtschaftszweig und Wirtschafts(unter)bereiche ""Dienstleistungsbereiche"" insgesamt (Anzahl)"
ET_WIRTSZWG_STP__3_M,"Erwerbstätige Personen nach Wirtschaftszweig und Wirtschafts(unter)bereiche ""Dienstleistungsbereiche"" männlich (Anzahl)"
ET_WIRTSZWG_STP__3_W,"Erwerbstätige Personen nach Wirtschaftszweig und Wirtschafts(unter)bereiche ""Dienstleistungsbereiche"" weiblich (Anzahl)"
ET_WIRTSZWG_STP__31,"Erwerbstätige Personen nach Wirtschaftszweig und Wirtschafts(unter)bereiche ""Handel, Reparatur von KFZ, Gastgewerbe"" insgesamt (Anzahl)"
ET_WIRTSZWG_STP__31_M,"Erwerbstätige Personen nach Wirtschaftszweig und Wirtschafts(unter)bereiche ""Handel, Reparatur von KFZ, Gastgewerbe"" männlich (Anzahl)"
ET_WIRTSZWG_STP__31_W,"Erwerbstätige Personen nach Wirtschaftszweig und Wirtschafts(unter)bereiche ""Handel, Reparatur von KFZ, Gastgewerbe"" weiblich (Anzahl)"
ET_WIRTSZWG_STP__32,"Erwerbstätige Personen nach Wirtschaftszweig und Wirtschafts(unter)bereiche ""Verkehr und Lagerei, Kommunikation"" insgesamt (Anzahl)"
ET_WIRTSZWG_STP__32_M,"Erwerbstätige Personen nach Wirtschaftszweig und Wirtschafts(unter)bereiche ""Verkehr und Lagerei, Kommunikation"" männlich (Anzahl)"
ET_WIRTSZWG_STP__32_W,"Erwerbstätige Personen nach Wirtschaftszweig und Wirtschafts(unter)bereiche ""Verkehr und Lagerei, Kommunikation"" weiblich (Anzahl)"
ET_WIRTSZWG_STP__33,"Erwerbstätige Personen nach Wirtschaftszweig und Wirtschafts(unter)bereiche ""Finanz- und Versicherungsdienstleistungen"" insgesamt (Anzahl)"
ET_WIRTSZWG_STP__33_M,"Erwerbstätige Personen nach Wirtschaftszweig und Wirtschafts(unter)bereiche ""Finanz- und Versicherungsdienstleistungen"" männlich (Anzahl)"
ET_WIRTSZWG_STP__33_W,"Erwerbstätige Personen nach Wirtschaftszweig und Wirtschafts(unter)bereiche ""Finanz- und Versicherungsdienstleistungen"" weiblich (Anzahl)"
ET_WIRTSZWG_STP__34,"Erwerbstätige Personen nach Wirtschaftszweig und Wirtschafts(unter)bereiche ""Grundstücks-/Wohnungswesen, wirtschaftliche Dienstleistungen"" insgesamt (Anzahl)"
ET_WIRTSZWG_STP__34_M,"Erwerbstätige Personen nach Wirtschaftszweig und Wirtschafts(unter)bereiche ""Grundstücks-/Wohnungswesen, wirtschaftliche Dienstleistungen"" männlich (Anzahl)"
ET_WIRTSZWG_STP__34_W,"Erwerbstätige Personen nach Wirtschaftszweig und Wirtschafts(unter)bereiche ""Grundstücks-/Wohnungswesen, wirtschaftliche Dienstleistungen"" weiblich (Anzahl)"
ET_WIRTSZWG_STP__35,"Erwerbstätige Personen nach Wirtschaftszweig und Wirtschafts(unter)bereiche ""Öffentliche Verwaltung, Verteidigung, Sozialversicherung"" insgesamt (Anzahl)"
ET_WIRTSZWG_STP__35_M,"Erwerbstätige Personen nach Wirtschaftszweig und Wirtschafts(unter)bereiche ""Öffentliche Verwaltung, Verteidigung, Sozialversicherung"" männlich (Anzahl)"
ET_WIRTSZWG_STP__35_W,"Erwerbstätige Personen nach Wirtschaftszweig und Wirtschafts(unter)bereiche ""Öffentliche Verwaltung, Verteidigung, Sozialversicherung"" weiblich (Anzahl)"
